id;name;headquarters;address;open_corporates;sec_cik;oar_id
5800;Nike Inc.;Oregon (United States);ONE BOWERMAN DR BEAVERTON 97005-6453;8739914;0000320187;US2020349PNHW2P
3075179;1-800-Flowers;New York (United States);ONE OLD COUNTRY ROAD, CARLE PLACE, 11514;2239934;1084869;
5155544;Landis+Gyr AG;Switzerland;;425292;;
6206304;*Bacgiang Bgg Garment Corporation closed;Vietnam;349 # Giap Hai Road # Dinh K Ward   (blank) (blank) Bac Giang 210000 (blank) Vietnam;;;VN20200292ECB60
8431352;0404 INVESTMENTS LIMITED;United Kingdom;Pendle Court, Unit 4 Shuttleworth Mead Business Park Mead Way Padiham,Burnley Lancs England BB12 7NG;05106531;;
9749337;08785395 LIMITED;United Kingdom;;08785395;;
6291667;1&1 DRILLISCH AG;Germany;;;;
8786096;1A DENTAL PRACTICE LIMITED;United Kingdom;;05397004;;
6236468;1Bite;Netherlands;Rijnlandkade 1;;;
8256116;1HQ LIMITED;United Kingdom;41 Richmond Hill Bournemouth England BH2 6HS;02781951;;
9735734;1LIFE MANAGEMENT SOLUTIONS LIMITED;United Kingdom;;02566586;;
3297616;1NE Project Solution Ltd;United Kingdom;16 Woodlands Ct, Leicester, LE2 4QE, United Kingdom;05841983;;
6236458;1 plus-Produkte Handelsgesellschaft mbH;Germany;Am Eggenkamp 8-10;;;
3051363;1PM Industries Inc;Nevada (United States);1930 VILLAGE CENTER CIRCLE #3-6189, LAS VEGAS, 89134;;859747;
6834502;1Sharpe Capital LLC;;;;;
7148431;1 Sign;Singapore;231 Bain St No. 0175 Bras Basah Complex, Singapore, 180231;;;
8436899;1 SMITHFIELD SQUARE LTD;United Kingdom;37f Warpsgrove Lane Chalgrove Oxford OX44 7RW;08623011;;
8432877;1 SPINNINGFIELDS DEVELOPMENTS LTD;United Kingdom;C/O Allied London, Suite 1, Bonded Warehouse 18 Lower Byrom Street Manchester Greater Manchester England M3 4AP;05931958;;
8786618;1ST ACCESS GROUP LIMITED;United Kingdom;;05518191;;
8796224;1ST ACCESS RENTALS LIMITED;United Kingdom;;10861720;;
9747241;1ST CHOICE STAFF RECRUITMENT LIMITED;United Kingdom;;07972006;;
8800161;1ST HOME CARE LTD.;United Kingdom;;SC272838;;
7053351;1STOP HALAL;United Kingdom;MAGDALEN ST EYE NORFOLK IP23 7AJ;;;
8786650;1 WESTMINSTER BRIDGE PLAZA MANAGEMENT COMPANY LIMITED;United Kingdom;;05525825;;
9747449;10 TRINITY SQUARE HOTEL LIMITED;United Kingdom;;08064685;;
10404317;10 Upper Bank Street Separate Limited Partnership;Jersey;;;;
51193;100% Pure;Germany;;;;
8431304;100 WARDOUR LIMITED;United Kingdom;16 Kirby Street London EC1N 8TS;05078791;;
8770679;1000 MILE SPORTSWEAR LIMITED;United Kingdom;;03225405;;
3306300;101 Products, LLC DBA The Platform Group Gallery;;2400 Central Parkway Unit D, Houston, Texas, 77092, USA;;;
7234317;1010 Printing International Ltd;China;Xia Nan Industry, Hui Xing Road, Yuanzhou Town, Boluo county, Huizhou, Guangdong;;;CN202031463D4MB
5625775;108 Degrees;Germany;;;;
51197;1121 Apothecary;;;;;
8439728;114 WINDMILL ROAD LIMITED;United Kingdom;66 Leman Street London England E1 8EU;10856756;;
8780572;115CR (150) LIMITED;United Kingdom;;04427252;;
10884117;118 LIMITED;United Kingdom;;03951948;;
2612153;11er Nahrungsmittel GmbH;Austria;;;;
8439628;121222 HOLDCO LIMITED;United Kingdom;C/O Mccarthy Tetrault 1 Angel Court 18th Floor London England EC2R 7HJ;10787992;;
8439632;121333 LIMITED;United Kingdom;C/O Mccarthy Tetrault 1 Angel Court 18th Floor London England EC2R 7HJ;10788118;;
9752058;123 EMPLOYEES LTD;United Kingdom;;10530651;;
6918393;123 Investment Managers (123 IM);France;;;;
9741382;123-REG LIMITED;United Kingdom;;05306504;;
8437223;124 SEYMOUR PLACE LIMITED;United Kingdom;66 Leman Street London E1 8EU;08929180;;
3026917;1347 Property Insurance Holdings Inc.;Florida (United States);360 CENTRAL AVE, ST. PETERSBURG, 33701;;1591890;
3313631;135 Promos;United States;1201 Bell Ave, Tustin, CA;;;
9739707;1509 GROUP;United Kingdom;;04104101;;
8423682;151 PRODUCTS LIMITED;United Kingdom;The Old School House 39 Bengal Street Manchester M4 6AF;02149608;;
9743664;1610 LIMITED;United Kingdom;;06727055;;
6835075;1618 Investimentos;Brazil;;;;
8770230;18 MARYLEBONE MEWS LIMITED;United Kingdom;;03105866;;
8796916;18MONTROSE RETAIL LIMITED;United Kingdom;;11577636;;
7177629;180 Snacks;United States;1173 N Armando St,, Anaheim, California;;;
5651675;1832 Asset Management LP;Canada;;;;
3060596;1847 Holdings Llc;New York (United States);590 MADISON AVENUE, NEW YORK, 10022;3598861;1599407;
9746557;1879 EVENTS MANAGEMENT LIMITED;United Kingdom;;07743495;;
8422927;19 ENTERTAINMENT LIMITED;United Kingdom;100 New Bridge Street London EC4V 6JA;01886042;;
5189466;19 Forestry Joint Stock Company - An Nhon Furniture Factory;Vietnam;Nhon Hoa, An Nhon, Binh Dinh Province;;;
8427964;19 RECORDINGS LIMITED;United Kingdom;100 New Bridge Street London EC4V 6JA;03602651;;
8427728;19 TV LIMITED;United Kingdom;100 New Bridge Street London EC4V 6JA;03478214;;
6919253;1919 Investment Counsel;;;;;
8800044;1924 DIRECTORS LTD.;United Kingdom;;SC223723;;
8799866;1924 NOMINEES LIMITED;United Kingdom;;SC150079;;
8800062;1924 TRUSTEES LIMITED;United Kingdom;;SC226581;;
3315461;1928 Jewelry Co;United States;3000 W Empire Ave, Burbank, CA;;;
59194;1944 Vegan Skincare;;;;;
3066564;1st Century Bancshares Inc.;California (United States);1875 CENTURY PARK EAST, LOS ANGELES, 90067;;1420525;
3038659;1st Constitution Bancorp;New Jersey (United States);2650 ROUTE 130, CRANBURY, 08512;0100771741;1141807;
3434403;1st Franklin Financial Corp;Georgia (United States);135 E TUGALO ST, TOCCOA, 30577;;38723;
3066563;1st Source Corp;Indiana (United States);100 NORTH MICHIGAN STREET, SOUTH BEND, 46601;194336-107;34782;
6209005;1v1 Fight Gear;Florida (United States);;;;
8799879;2 AGRICULTURE LIMITED;United Kingdom;;SC156515;;
6249563;2B Group Aps;Portugal;;;;
3294221;2BMade;Netherlands;Heliconweg 52, Leeuwarden, 8914;01170831;;
7046749;2B1 CORPORATION;Korea, Republic Of;RM NO 101-3103 BROWN STONE BLDG 355 CHUNGRIM-DONG CHUNG-GU SEOUL KOREA 0 , KOREA;;;KR2020351F6158D
51201;2 Beauty Ex., Inc.;;;;;
3250717;2F SARL;Tunisia;AVENUE HABIB BOURGUIBA, SIDI BOUZID l, TUNISIA;;;TN2019262MG3YC9
7914461;2G2 S.r.l.;Italy;Via Alessandro Volta, 29, Calenzano, 50041, FI, Italy;;;IT2021314Q3QTE3
9752720;2GETHER SUPPORT SOLUTIONS LIMITED;United Kingdom;;11385580;;
8425763;2H OFFSHORE ENGINEERING LIMITED;United Kingdom;Ferryside Ferry Road Norwich Norfolk NR1 1SW;02790139;;
6124182;2M CONFECTION;Tunisia;;;;
7914869;2M Decori S.p.a.;Italy;Via Della Centa, 10, Segusino, 31040, TV, Italy;;;
7914739;2ME Lab. S.r.l.;Italy;Via Risorgimento, 44, Rho, 20017, MI, Italy;;;IT202131462PB2N
8788329;2 PLAN GROUP LIMITED;United Kingdom;;05865362;;
8790960;2 PLAN LIMITED;United Kingdom;;06761381;;
8789165;2 PLAN WEALTH MANAGEMENT LIMITED;United Kingdom;;05998270;;
7053393;2SFG WILLAND;United Kingdom;LLOYD MAUNDER RD WILLAND CULLOMPTON EX15 2PJ;;;
4757105;2 SISTERS DERBY - RAW ADDED VALUE;United Kingdom;37 SHAFTESBURY ST SOUTH DERBY DERBYSHIRE, UNITED KINGDOM;;;
12257588;2 SISTERS DERBY RTE;United Kingdom;SIR FRANCIS LEY INDUSTRIAL ESTATE 37 SHAFTESBURY STREET SOUTH DERBY DERBYSHIRE DE23 8YH;;;
4757140;2 SISTERS FOOD GROUP - CAMBUSLANG;United Kingdom;72 WESTBURN FARM ROAD, GLASGOW, SCOTLAND, G72 7UB, UNITED KINGDOM;;;
4757175;2 SISTERS FOOD GROUP - CAVAGHAN & GRAY;United Kingdom;BRUNEL HOUSE BRUNEL WAY CARLISLE CUMBRIA CA1 3NQ;;;
4757210;2 SISTERS FOOD GROUP - CONVENIENCE FOODS;United Kingdom;UNIT 1 PEGASUS WAY EUROPARC GRIMSBY LINCOLNSHIRE DN37 9TS;;;
4757245;2 SISTERS FOOD GROUP - COUPAR ANGUS;United Kingdom;GEORGE STREET COUPAR ANGUS, BLAIRGOWRIE PERTH & KINROSS SCOTLAND PH13 9LU;;;
4757280;2 SISTERS FOOD GROUP - FIVE STAR FISH;United Kingdom;GREAT GRIMSBY BUSINESS PARK, GRIMSBY, NORTH EAST LINCOLNSHIRE, DN37 9SY, UNITED KINGDOM;;;
4757315;2 SISTERS FOOD GROUP - FLIXTON;United Kingdom;GRANGE ROAD FLIXTON SUFFOLK NR35 1NT;;;
4757350;2 SISTERS FOOD GROUP - FOXS BISCUITS BATLEY;United Kingdom;WELLINGTON STREET FOX'S BISCUITS BATLEY WEST YORKSHIRE WF17 5JE;;;
4757385;2 SISTERS FOOD GROUP - FOXS BISCUITS KIRKHAM;United Kingdom;WHITWORTH STREET WESHAM, KIRKHAM PRESTON LANCASHIRE PR4 3AX;;;
4757420;2 SISTERS FOOD GROUP - FOXS BISCUITS UTTOXETER;United Kingdom;DOVE VALLEY BAKERIES CHEADLE ROAD UTTOXETER STAFFS ST14 7BT;;;
7058542;2 SISTERS FOOD GROUP - GUNSTONES AMBIENT/BAKERY;United Kingdom;DRONFIELD STUBLEY LANE CHESTERFIELD NORTH EAST DERBYSHIRE S18 1PF;;;
4757455;2 SISTERS FOOD GROUP - MATTHEW WALKER;United Kingdom;HEANOR GATE ROAD HEANOR HEANOR DERBYSHIRE DE75 7RJ;;;
4757490;2 SISTERS FOOD GROUP - PENNINE FOODS;United Kingdom;WATERTHORPE, DRAKEHOUSE CRESCENT, SHEFFIELD, SOUTH YORKSHIRE, S20 7JG, UNITED KINGDOM;;;
4757525;2 SISTERS FOOD GROUP - RF BROOKES ROGERSTONE;United Kingdom;ROGERSTONE PARK AZALEA ROAD ROGERSTONE NEWPORT GWENT NP10 9SA;;;
4757560;2 SISTERS FOOD GROUP - SITE D;United Kingdom;DIAL LANE WEST BROMWICH WEST MIDLANDS B70 0EB;;;
4757595;2 SISTERS FOOD GROUP - ST MERRYN FOODS - MERTHYR;United Kingdom;DOWLAIS TOP, PENGARNDDU INDUSTRIAL ESTATE, MERTHYR TYDFIL, MID GLAMORGAN, CF48 2TA, UNITED KINGDOM;;;
4757630;2 SISTERS FOOD GROUP - THE PIZZA FACTORY;United Kingdom;GATESIDE ROAD & FINCH CLOSE NOTTINGHAM NOTTINGHAMSHIRE NG2 1LT & NG7 2NN;;;
4757665;2 SISTERS FOOD GROUP - THETFORD;United Kingdom;CAXTON WAY GATE 2 THETFORD NORFOLK IP24 3RY;;;
4757700;2 SISTERS FOOD GROUP - VICTORIA;United Kingdom;ROCHE, VICTORIA BUSINESS PARK, ST AUSTELL, CORNWALL, PL26 8LX, UNITED KINGDOM;;;
9771158;2 SISTERS POULTRY LIMITED;United Kingdom;;SC440782;;
8434529;2SQUARED AGENCY LIMITED;United Kingdom;Edinburgh House Hollinsbrook Way Pilsworth Bury Lancashire United Kingdom BL9 8RR;07056659;;
9749751;2 TOUCH BPO SERVICES LTD;United Kingdom;;08942815;;
3091558;2U Inc.;Maryland (United States);7900 HARKINS ROAD, LANHAM, 20706;;1459417;
12242272;2Wl Ltd;United Kingdom;Mill 2 Pleasley Vale Business Park Mansfield Nottingham NG19 8RL;;;GB2021252RQXER9
6833441;2Xideas AG;Switzerland;;;;
7057028;2XL Imaging;United States;701 Lehigh Ave, Union, NJ;;;
7056312;2005 Work Smart Corp;United States;500 Alakawa St, Honolulu, 96817;;;
3099299;2010 Istanbul Tekstil;Turkey;Namik Kemal Mahallesi, Adile Nasit Bulvari 151, Sokak No. 161, B Blok Kat1, Esenyurt, Istanbul, 34520, Turkey;;;
5184824;2010 Istanbul Tekstil San Ve Dis Tic Ltd Sti;Turkey;Namik Kemal Mahallesi, Adile Nasit Bulvari 151, Sokak No. 161, B Blok Kat1, Esenyurt, Istanbul, 34520;;;TR2019098ZWGHGF
538691;2020WoB;;;;;
3088821;2050 Motors Inc.;Illinois (United States);25 N RIVER LANE, GENEVA, 60134;;867028;
5769565;206 Collective;;;;;
6158413;20th Workshop of Hong Guang Yang Vacuum Technology Co. Ltd. (Nasihai);China;Floor 3, Building 16, Gold Bi Industrial, Yellow Tan Management District, Shenzhen, Guangdong, 518128;;;
3299617;21 Colour Ltd;United Kingdom;21 Summerlee St, Glasgow;SC019941;;
6834935;21 Invest;Italy;;;;
3294494;212 Degrees Event Management Inc;;28 Felipe Pike St, Bagong Ilog, District 1Philippines;;;
3013279;21st Century Oncology Holdings Inc.;Florida (United States);2270 COLONIAL BOULEVARD, FORT MYERS, 33907;;1503518;
8177341;21st Century Resorts Holdings Pty Limited;Australia;;104201014;;
8794749;22 BISHOPSGATE (DEVCO) LIMITED;United Kingdom;;09411165;;
3028957;22nd Century Group Inc.;New York (United States);8560 MAIN STREET, WILLIAMSVILLE, 14221;;1347858;
9747345;23.5 DEGREES LIMITED;United Kingdom;;08014079;;
8266049;24/26 HOLDINGS LTD;United Kingdom;C/O Campbell Dallas Llp Titanium 1 1 Kings Inch Place Renfrew PA4 8WF;SC470528;;
9745068;24-7 EMPLOYMENT SOLUTIONS LIMITED;United Kingdom;;07431144;;
8262376;24 BPL (HARROGATE) LIMITED;United Kingdom;24 Bruton Place London W1J 6NE;08765471;;
8262424;24 BPL (HARROGATE) TWO LIMITED;United Kingdom;24 Bruton Place London W1J 6NE;08811080;;
8261860;24 BRUTON PLACE LIMITED;United Kingdom;24 Bruton Place London W1J 6NE;08116409;;
9739788;24 X 7 LTD.;United Kingdom;;04142000;;
8259612;25SEVENIT LIMITED;United Kingdom;Brunel Business Park Jessop Close Newark Notts England NG24 2AG;05670645;;
6919063;27Four Investment Managers;South Africa;;;;
12260259;28.1 Joint Stock Co;Vietnam;28.1 Company, 03 Nguyen Oanh Street, Ward 10, Go Vap District, Ho Chi Minh City, VIETNAM;;;VN202028792ZN3V
5100342;28 Hung Phu;Vietnam;168 Quang Trung Street, Ward 10, Go Vap District, Ho Chi Minh, VIETNAM;;;VN2019097WYVEJN
12242377;28 Hung Phu Joint Stock Company (Previosly Named As Agtex2);Vietnam;168 Quang Trung Go Vap District Ho Chi Minh;;;
5098272;28 Quang Ngai Joint Stock Company;Vietnam;121 Le Trung Dinh Street Tran Hung Dao Ward Quang Ngai City, Vietnam;;;VN20190830FRVMH
6383033;2i Rete Gas;Italy;;;;
51205;2nd Love Cosmetics;;;;;
4227436;2u Inc.;;;;;
12218697;3A ESTAMPARIA DIGITAL LTDA;Brazil;145, R ARNOLDO RISTOW, VILA NOVA, trombudo central, Santa Catarina, 88357-300;;;BR2021260DP88N9
5231847;3 A Fashions Ltd.;United Kingdom;Unit 6, 75 Hastings Road, Leicester, United Kingdom;10635678;;
7234478;3AC;Korea, Republic Of;14, Pyeongcheon-ro 73 beon-gil ,, INCHEON, INCHEON;;;
12228179;3B INDUSTRIA E COMERCIO LTDA;Brazil;R OLIVEIRA, 112 - UBERABA /MG;;;BR2021260TV37TT
6918985;3 Banken-Generali Investment-Gesellschaft m.b.H.;Austria;;;;
3298888;3D Art LLC;;36A Ochakovskoye Highway, Moscow, 119530, Russia;;;
9761169;3D LEISURE LIMITED;United Kingdom;;02538054;;
3064093;3D MakerJet Inc.;Florida (United States);4303 VINELAND RD., F2, ORLANDO, 32011;;1458023;
867170;3D Systems;California (United States);26081 AVE HALL, VALENCIA, 91355;C1369012;0001023748;
3307850;3D Systems, Lawrenceburg;United States;3535 Waynesboro Hwy, Lawrenceburg, TN;;;
3434720;3D Total Solutions Inc.;Connecticut (United States);75 DANBURY ROAD, SUITE 108, RIDGEFIELD, 06877;;1595326;
3306321;3DFX Inc;Florida (United States);279 N Texas Ave, Orlando, FL;P00000066829;;
3028945;3DICON CORP;Oklahoma (United States);333 JACKSON PLAZA, ANN ARBOR, 48103;;1375195;
12381462;3F Global Hazir Giyim AS;Turkey;Isiktepe Osb Mah No 5 Kirmizi Cd 16140 Osmangazi Bursa;;;TR2021085XDJY1K
6164121;3F HAZIRGIYIM TEKSTIL SAN TIC AS;Turkey;O.S.B. 16. Cadde No:12,19200,CORUM;;;TR2020034FQT6E5
5095798;3F Tekstil;Turkey;Isiktepe Osb Mah No 5 Kirmizi Cd 16140 Osmangazi Bursa, Turkey;;;TR20190834YT7FF
12381460;3F Tekstil - Corum;Turkey;Osb 16 Cadde No12 Merkez/Corum;;;TR20212521K7ZDV
5095818;3F Tekstil - Inebolu;Turkey;Yesiloz Mucavir Mah. Abdurrahman Pasa Sok. Endustri Tesisi No:169/1 Inebolu Kastamonu;;;TR2019083ZTRZDT
6174900;3F TEKSTIL SANAYI VE DIS TICARET AS;Turkey;Yeşilöz Mücavir Mah.Abdurrahman Paşa Sok, 37500, KASTAMONU;;;
5448730;3Freunde;;;;;
5651503;3G Radar Gestora de Recursos Ltda.;Brazil;;;;
3457735;3H And Company Ltd;;No.2, San Heng St., Renmin Rd., Qi Shi Town, Dong Guan, Guangdong;;;
8800655;3I 2020 CO-INVESTMENT LP;United Kingdom;;SL034216;;
8800639;3I ADEMAS LP;United Kingdom;;SL017083;;
8789573;3I APTECH GP LIMITED;United Kingdom;;03910314;;
8775885;3I APTECH NOMINEES LIMITED;United Kingdom;;03898300;;
8798603;3I ASIA PACIFIC 2004-06 LP;United Kingdom;;LP009840;;
8799329;3I ASSETS LLP;United Kingdom;;OC371579;;
8799395;3I BEIF II GP LLP;United Kingdom;;OC396726;;
8791325;3I BIFM INVESTMENTS LIMITED;United Kingdom;;06949026;;
8799399;3I BIIF GP LLP;United Kingdom;;OC396727;;
8798659;3I BUYOUTS 2010A LP;United Kingdom;;LP013807;;
8798663;3I BUYOUTS 2010B LP;United Kingdom;;LP013808;;
8781662;3I EF4 GP LIMITED;United Kingdom;;04605829;;
8783599;3I EFIV NOMINEES LIMITED;United Kingdom;;04914129;;
8788265;3I EFV GP LIMITED;United Kingdom;;05840692;;
8789053;3I EFV NOMINEES A LIMITED;United Kingdom;;05985597;;
8789041;3I EFV NOMINEES B LIMITED;United Kingdom;;05985584;;
8769239;3I EUROPE PLC;United Kingdom;;02817344;;
8791531;3I GC GP LIMITED;United Kingdom;;07106395;;
8791739;3I GC NOMINEES A LIMITED;United Kingdom;;07220175;;
8791743;3I GC NOMINEES B LIMITED;United Kingdom;;07220427;;
8770782;3I GENERAL PARTNER NO 1 LIMITED;United Kingdom;;03238605;;
8790266;3I GP 08-10 LIMITED;United Kingdom;;06420433;;
8800137;3I GP 2004 LIMITED;United Kingdom;;SC262350;;
8787702;3I GP 2006-08 LIMITED;United Kingdom;;05720218;;
8791595;3I GP 2010 LIMITED;United Kingdom;;07146784;;
8793522;3I GP 2013 LTD;United Kingdom;;08489159;;
8795570;3I GP 2016 LIMITED;United Kingdom;;10170404;;
8797364;3I GP 2019 LIMITED;United Kingdom;;11929444;;
8800583;3I GP 2019 (SCOTS) LIMITED;United Kingdom;;SC630869;;
8800587;3I GP 2020 LIMITED;United Kingdom;;SC649323;;
8798667;3I GROWTH 2010 LP;United Kingdom;;LP013815;;
8798655;3I GROWTH CAPITAL A LP;United Kingdom;;LP013777;;
8798671;3I GROWTH CAPITAL G LP;United Kingdom;;LP013827;;
8768261;3I HOLDINGS PLC;United Kingdom;;02591431;;
8797939;3I IIF GP 2020 LIMITED;United Kingdom;;12679002;;
8798643;3I INDIA INFRASTRUCTURE FUND B LP;United Kingdom;;LP012432;;
8759041;3I INTERNATIONAL HOLDINGS;United Kingdom;;00395557;;
8778764;3I INTERNATIONAL SERVICES PLC;United Kingdom;;04206469;;
8789719;3I INVESTMENTS GP LIMITED;United Kingdom;;06085478;;
8776692;3I INVESTMENTS PLC;United Kingdom;;03975789;;
8799459;3I MANAGED INFRASTRUCTURE ACQUISITIONS GP (2017) LLP;United Kingdom;;OC414502;;
8795820;3I MANAGED INFRASTRUCTURE ACQUISITIONS GP LIMITED;United Kingdom;;10467007;;
8792750;3I NETWORKS FINLAND LIMITED;United Kingdom;;07870987;;
8769738;3I NOMINEES LIMITED;United Kingdom;;02916955;;
8778449;3I NORDIC PLC;United Kingdom;;04166374;;
8789735;3I OSPREY GP LIMITED;United Kingdom;;06100576;;
8798699;3I PE 2013-16A LP;United Kingdom;;LP015627;;
8798703;3I PE 2013-16C LP;United Kingdom;;LP015629;;
8798711;3I PE 2016-19A LP;United Kingdom;;LP017410;;
8798723;3I PE 2019-22 A LP;United Kingdom;;LP020194;;
8798727;3I PE 2019-22 B LP;United Kingdom;;LP020195;;
8800651;3I PE 2019-22 WAREHOUSE LP;United Kingdom;;SL033846;;
8419511;3I PLC;United Kingdom;16 Palace Street London SW1E 5JD;00397156;;
8771633;3I PVLP NOMINEES LIMITED;United Kingdom;;03455504;;
8796500;3I SCI HOLDINGS LIMITED;United Kingdom;;11185477;;
6941043;3J GESTORA DE RECURSOS LTDA;Brazil;;;;
5408804;3M China Limited;Shanghai (China);;;;
56019;3M Company;Minnesota (United States);3M CENTER ST PAUL 55144-1000;be2c506f-a4d4-e011-a886-001ec94ffe7f;<p>0000066740</p>;US2020212FM0NX6
12372339;3M Cynthiana;United States;301 New Lair Road,, Cynthiana, Kentucky;;;
7235576;3M Dekalb Distribution Center;United States;1250 Macom Drive,, Dekalb, Illinois;;;
12215924;3M DO BRASIL LTDA;Brazil;ROD. ANHANGUERA, KM 110 - SUMARE - SP;;;BR20212949PN1QM
7057493;3M EMPRIME-Mustafa Karakaya;Turkey;Yakuplu Mah. Birlik Cad. 3. Blok No16/4 Beylikduzu ISTANBUL;;;TR20202046SX1ZC
2668055;3M Espana;Spain;;28078020;;
12372359;3M Hutchinson;United States;905 Adams Street SE,, Hutchinson, Minnesota;;;
12372605;3M Material Technology (Guangzhou) Co., Ltd.;China;No.9 NanXiang Er Lu,Science City, Guangzhou, Guangdong;;;
6309995;3M Pension Plans;United States;;;;
8765032;3M UNITED KINGDOM PUBLIC LIMITED COMPANY;United Kingdom;;01123045;;
7914871;3MC S.r.l.;Italy;Via Mugellese, 20/22, Campi Bisenzio, 50013, FI, Italy;;;
3028718;3PEA International Inc;Nevada (United States);2615 ST. ROSE PARKWAY, HENDERSON, 89052;;1496443;
3034233;3Power Energy Group Inc.;New York (United States);100 WALL STREET,, NEW YORK,, 10005;;1221554;
6209329;3PX(HANGZHOU)CO.LTD;China;15, hongtai 6th Road, Hongken Block, XERZ, Xiaoshan District, Hangzhou;;;CN2019266PDV4DT
7046412;3Q Vina;Vietnam;8 An Duong Vuong Street, Ward 16, District 8, Hồ Chí Minh Hồ Chí Minh City, Vietnam;;;
12218251;3RS CONFECCOES LTDA;Brazil;7380, ROD DEPUTADO ANTONIO HEIL SC 486, ESTADOS, timbo, Santa Catarina, 88352-502;;;
8797400;3RD FLOOR WINES LIMITED;United Kingdom;;11990231;;
6835039;3S Advisory GmbH;Austria;;;;
7059911;3S IMPORT & EXPORT SHIJIA CO., LTD;China;Shijiazhuang;;;
8771400;3SUN ACADEMY LIMITED;United Kingdom;;03398155;;
8792226;3SUN CONTROLS LIMITED;United Kingdom;;07520705;;
8792222;3SUN ENERGY LIMITED;United Kingdom;;07520668;;
8790989;3SUN GROUP LIMITED;United Kingdom;;06778905;;
8792310;3SUN INSPECTION SERVICES LIMITED;United Kingdom;;07589128;;
8789101;3SUN LIMITED;United Kingdom;;05995667;;
8793722;3SUN SUBSEA LIMITED;United Kingdom;;08643671;;
7054439;3W Home Fashion Heyuan Co Ltd;China;Ming Zhu Industrial Park South of Chuangye Road and West of Heyuan Road Yuan Cheng District He Yuan City Guang Dong Province;;;CN20201484C45SM
12231046;3W Triplewin Home & Bathfashions Ltd Co;China;Ming Zhun Industrial Area  He Yuan City  Guang Dong;;;CN20202301M78QN
9737506;3 WAY CLEANING LIMITED;United Kingdom;;03457928;;
3060503;30DC Inc;New York (United States);80 BROAD STREET, NEW YORK, 10004;;1118974;
8437219;30 GRAYS INN LIMITED;United Kingdom;66 Leman Street London E1 8EU;08929176;;
3918368;30dc Inc.;Maryland (United States);;;1118974;
4998458;32 Joint Stock Company;Vietnam;170 Quang Trung Street, 10 Ward, Go Vap District, HCMC;;;VN2019083D6Q63E
5098292;32 Joint Stock Company - Workshop 5;Vietnam;32 Joint Stock Company 170 Quang Trung Go Vap Ho Chi Minh City;;;VN2019083HP26HV
7177539;33 Point 3;Philippines;M.L. Quezon St., Casuntingan, Mandaue city, Cebu;;;
6834102;337 Frontier Capital;;;;;
8793110;353 OXFORD STREET LIMITED;United Kingdom;;08113505;;
7055244;35th Branch Factory Of Guangzhou Fangying Jewelry Co Ltd;China;Flat 9 YinJian 2 Rd DaLuoTang ShaTou St, Guangzhou;;;CN20213378SBA4X
6918828;36ONE Asset Management;South Africa;;;;
8770926;360 DEGREES COMMUNICATIONS LIMITED;United Kingdom;;03270516;;
3297161;360 Soultions;United Kingdom;Unit W3, Capital Business Park, Cardiff, CF3 2PW, United Kingdom;;;
5462170;360 Workplace Ltd.;United Kingdom;;05770083;;
9732545;3663 TRANSPORT LIMITED;United Kingdom;;00456846;;
7148561;3d Bindery;United States;2702 Pemberton Dr, Apopka, FL;;;
3441851;3f Hazir Giyim Tekstil San Ve Tic A S;;ORGANIZE SANAYI BOLGESI16 CAD NO 12, Turkey;;;
5160100;3i Abaco ApS;Denmark;;38103075;;
2631007;3i Group;United Kingdom;16 Palace Street London SW1E 5JD;01142830;;
12245472;3i Products Inc Factory;United States;3888 Chester Hwy,, Lancaster, South Carolina;;;
7056121;3line PL SP ZOO;Poland;Ul Golikowka 45, Krakow;;;
6918816;3one4 Capital Advisors LLP;India;;;;
51209;3rd Rock Sunblock;;;;;
6832743;3x5 Partners;Oregon (United States);;;0001762924;
8421967;4 A.D. LIMITED;United Kingdom;17/19 Alma Road London SW18 1AA;01460572;;
3219096;4A Yarn Dyeing Ltd;;Kaichabari, West Side of DEPZ,Savar,Dhaka Dhaka;;;BD202005213JD8W
5179710;4Ac;Morocco;Tfz Ilo 3, Lot 8, Tangier;;;MA201915614A5SK
2796675;4C Strategies;Sweden;;556598-6436;;
3242752;4 Creations;India;No 29 Vadrapalya J . P . Nagar 8Th Phase 2Nd Block Gottigere Post, Bangalore, Karnataka, India;;;
6918713;4D Infrastructure Pty Ltd;Australia;;;;
6323567;4D Lab;Uruguay;;;;
7148237;4F Tekstil San.ve Tic.A.S.;Turkey;Kazim Karabekir Mah.  2.Kervan Sok. No:87/1   Bursa  Turkey ;;;TR2020010T8Y4J1
12371756;4 Fashion;Tunisia;Zi Ksar Essaid Manouba Tunis;;;TN2021060YAJ19H
3316693;4 Gen Digital;United States;3540 Cadillac Ave, Costa Mesa, CA;;;
8433609;4IMPRINT DIRECT LIMITED;United Kingdom;25 Southampton Buildings London England WC2A 1AL;06392482;;
7306797;4Imprint Group plc;United Kingdom;25 Southampton Buildings London England WC2A 1AL;00177991;;
7055517;4Kidz Worldwide Ltd;Hong Kong;Room 605 Mirror Tower 61 Mody Rd, Kowloon;;;
2266096;4Licensing Corporation;New York (United States);767 THIRD AVENUE NEW YORK 10017;4335969;0000058592;
7054039;4P Emprime Tic. San. A.S.;Turkey;15 Temmuz Mah. 1431 Sok. No:4A Bagcilar, Istanbul, Marmara Region;;;TR2019086B7SNQQ
3297427;4 Print Finishers;United Kingdom;Unit 6 Northgate Industrial Park, Collier Row Rd, Collier Row, Romford, RM5 2BG, United Kingdom;05189367;;
6164142;4S Industria De Confeccoes Ltda - Me;Brazil;R. Valentin Schmidt, 255, 89150000, Presidente GetЈlio, Brazil;;;BR2019086B862Z8
6158421;4 Shore Designs;Kenya;PO Box 178, Nanyuki, 10400;;;KE2019098A78N3Y
6874627;4UM Gesto de Recursos Ltda.;Brazil;;;;
7057385;4 YOU CLOTHING LTD AND FASHION 2000 LTD;Bangladesh;367/1 SENPARA PARBATA, MIRPUR-10 DHAKA;;;BD2019248AEPHPN
6832553;400 Capital Management;;;;;
8428896;41 BUCKINGHAM PALACE ROAD LIMITED;United Kingdom;14, Grosvenor Place Grosvenor Place London England SW1X 7HH;03997212;;
51213;415 Labs;;;;;
3761446;434 Investment Joint Stock Company;Vietnam;;;;
8438729;44 HOLLAND VILLAS ROAD LIMITED;United Kingdom;66 Leman Street London United Kingdom E1 8EU;10129391;;
7178038;45201 Global Plaza;United States;45201 Global Plz,, Sterling, Virginia;;;
9768496;46 BERKELEY SQUARE LTD;United Kingdom;;09497091;;
2791821;4flow AG;;;;;
51217;4mula;;;;;
6208645;4teams - Advertising & Merchandising Lda.;;;;;
3305690;5BS Embroidery;United States;1000 5Bs Dr, Zanesville, OH;;;
3028948;5BARz International Inc.;California (United States);9444 WAPLES STREET, SUITE 140, SAN DIEGO, 92121;;1454124;
6917950;5 Capitals Environmental & Management Consultancies;;;;;
10884977;5 DIMENSIONS TRUST;United Kingdom;;07595434;;
5243135;5 Elements;India;F-419,Sector-63,Noida-201301, India;U72900TN2009PTC072280;;IN2019243872PXG
7287109;5 ELEMENTS (NEW DELHI);India;CL GURUDWARA RD KAROL BAGH,10116/, NEW DELHI;;;
12219425;5 Estrelas Lavanderia Industrial Ltda;Brazil;Rodolpho Bernardelli, Gleba Pat. Astorga;;;BR2021253HDKBQP
12219427;5 Estrelas Papeis E Embalagens Ltda;Brazil;Frederico Voght, Barro Preto, Rio Negrinho;;;BR2021294DFSM1J
9744020;5 HERTFORD STREET LIMITED;United Kingdom;;06913368;;
4273350;5N PLUS;;;;;
4273736;5N Plus Lubeck GmbH;;;;;
4272951;5Nplus;;;;;
7046751;5S WEAVING CO., LTD;Vietnam;LOT 23, ST 07, TAN DUC INDUSTRIAL ZONE DUC HOA HA TOWN, DUC HOA DIST LONG AN PROVINCE 00000 , LONG AN PROVINCE;;;VN2020351MWDXKY
6875202;5Square;Netherlands;;;;
12244615;5 STAR APPAREL S. DE R.L. DE C.V.;Honduras;Carretera a Puerto Cortes, Zip Tex, Choloma, Cortes;;;HN2020282W34WKR
3056407;5V Inc;California (United States);745 E. VALLEY BLVD., #325, SAN GABRIEL, 91776;;1504876;
7057262;511 Tactical;United States;3201 N Airport Way, Manteca, California, United States;;;US20192251TZJ7G
7175344;515 rue Michel-fragasso St;Canada;515 Michel-Fragasso St ,, Quebec, Quebec;;;
7924180;5th Avenue;United Kingdom;46 Chesterfield Road, Leicester, LE5 5LF, United Kingdom;;;GB20211008VVTFP
7924178;5th Avenue (Unit 2-3);United Kingdom;Unit 2-3, Charter Street, Leicester, LE1 3UD, United Kingdom;;;
8791845;6CATS COMPLIANCE LTD.;United Kingdom;;07284677;;
7321295;6CATS International Ltd;;;;;
8795952;6 CATS NORWAY LIMITED;United Kingdom;;10542654;;
3060096;6D Global Technologies Inc;New York (United States);17 STATE STREET, SUITE 2550, NEW YORK, 10004;;1382219;
5193233;6 DIAS - TEXTEIS INTER. UNIO, LDA;Portugal;Rua Dr. Joao I, 244, 4785-106, Trofa, Ave, portugal;;;PT201908385QNE2
7233950;7 CON JEWELS 2013;Spain;MICALET Nº 2, BAJO IZQUIERDA ., MONCADA;;;ES2020301WNN78N
8179640;7-ELEVEN STORES PTY LTD;Australia;;005299427;;
9747117;7 HILLS LEISURE TRUST;United Kingdom;;07923816;;
8176991;7 HOLDINGS PTY. LTD.;Australia;;005620851;;
9742227;725 LIMITED;United Kingdom;;05983359;;
12243525;727 Plant;Canada;5780 Highway 7,, Woodbridge, Ontario;;;
6833281;747 Capital;;;;;
58593;77 Bank;;;;;
6875109;7iM;United Kingdom;;;;
6919216;7orca Asset Management AG;Germany;;;;
12217073;8 8 Confeccoes Eireli;Brazil;R Javaes, 595, Sao Paulo;;;BR2021055W7T2AC
8264136;8BUILD GROUP LIMITED;United Kingdom;64 Leman Street London United Kingdom E1 8EU;11852341;;
8432100;8BUILD LIMITED;United Kingdom;64 Leman Street London E1 8EU;05523722;;
6918878;8F Asset Management;United Kingdom;;;;
3450833;8. Mart a.d.;Serbia;Sencanski Put 85, 24000 Subotica;;;RS201908324KYN8
6164158;8. Mart d.o.o.;Serbia;Sencanski Put 85,24114 Subotica;;;RS201908324KYN8
6164150;8 Mart d.o.o. Fabrika Novi Knezevac;Serbia;Vojvode Mišića 15 Novi Kneževac  23330;;;RS2019086EZD373
6833008;8 Miles;United Kingdom;;;;
7058920;8 Star Sportswear Ltd;Cambodia;Lot 0176 Damnak Thom Village, Stoeung Mean Chey, Khan Mean Chey Meanchey Phnom Penh Cambodia;;;KH2019108R4V9PY
5087347;8 V Shoes;India;Mathura Industrial Estate 2Nd Floor Kt Industrial Park Phase 1 Gorai Pada Vasai (East) Dist Thane - 401208, India;;;IN2019083BH3W3C
9741086;8X8 UK LIMITED;United Kingdom;;05083841;;
8795972;80 CHARLOTTE STREET LIMITED;United Kingdom;;10579271;;
8434379;80S CASUAL CLASSICS LTD;United Kingdom;Hollinsbrook Way Pilsworth Bury Lancashire England BL9 8RR;06922118;;
3054180;808 Renewable Energy Corp;California (United States);850 TIDEWATER SHORES LOOP, BRADENTON, 34208;C3211227;1467913;
4818464;82)Wal-mart Stores Inc;;;;;
6133628;8853 S.p.A.;;;;;
5232207;888 Co. Ltd.;Vietnam;Hop Phuong Hamlet, Quang Hop Commune, Quang Hop District, Quang Xuong, Thanh Hoa Province, Vietnam;;;VN201908564473N
5069695;888 Company Limited;Vietnam;Quang Hop Ward Quang Xuong Dist Thanh Hoa Province, Vietnam;;;VN201908564473N
3252555;888 COMPANY LIMITED BRANCH OF GARMENT 10 CORPORATION - JSC;Vietnam;QUANG HOP WARD QUANG XUONG DIST, Vietnam;;;
4991575;888 Garments;Vietnam;Hop Phuong Hamlet, Quang Hop Ward – Quang Xuong Dist - Thanh Hoa Province, Viet Nam;;;VN201908564473N
5358390;888 Holdings Plc;United Kingdom;;;;
5786971;8seconds;;;;;
2632340;8x8 Inc;Delaware (United States);675 CREEKSIDE WAY, CAMPBELL, 95008;2676673;1023731;
7234649;9291 Baythorne Dr.;United States;9291 Baythorne Dr,, Houston, Texas;;;
8186453;99 Bikes Pty Ltd;Australia;;123966665;;
3038632;99 Cents Only Stores Llc;California (United States);4000 EAST UNION PACIFIC AVENUE, CITY OF COMMERCE, 90023;201329510100;1011290;
12246614;99 Degrees Custom Inc;United States;360 Merrimack St. Ste. 132 , Lawrence;;;US2020344W6YZ5V
3535876;9mobile;Nigeria;;;;
3307787;A-1 Plastics;New Jersey (United States);136 Tichenor St, Newark, New Jersey, USA;0100642188;;
12381182;A A DE OLIVEIRA CONFECCAO;Brazil;R SERGIO ANTUNES DE ANDRADE, 259, - JARDIM DAS OLIVEIRAS/SP;;;
8263728;A&A ELECTRICAL DISTRIBUTORS LIMITED;United Kingdom;234-262 Maybank Road South Woodford London England E18 1ET;10930308;;
8777345;A & A.K. BUTTERWORTH LIMITED;United Kingdom;;04027838;;
12226077;A. A. MARTINS;Brazil;R JOAO QUARTIEIRO, 447, - PARQUE DAS AVENIDAS/SC;;;BR2021260020GXG
5059645;A A Resource;India;B-79 SECTOR-83 NOIDA UTTAR PARDESH;;;IN2020148D4W986
3095613;A&A Trousers Ltd;Bangladesh;Haribari Tak Pubail College Gate Pubail, Gazipur Dhaka;;;BD2019181NQ0K3Y
8217055;A ABRAHAMS & Others;Australia;;;;
7337273;AAthivelan Mills;Tamil Nadu;530/1-C, POTHIYAM PALAYAM, POTHIYAM PALAYAM, ARASUR POST, SULUR(VIA), Coimbatore;;;
12246850;A B Emblem;China;West Changguang Road Guhe subdistrict Office 266611, Qingdao, Shandong;;;
9759823;A. & B. GLASS COMPANY LIMITED;United Kingdom;;01543721;;
8419895;A B GRAPHIC INTERNATIONAL LIMITED;United Kingdom;Celebration House, Stanley Street, Burton-On-Trent Staffordshire DE14 1DY;00538043;;
9759681;A.B. HOTELS LIMITED;United Kingdom;;01467761;;
9763518;A.B.M. CATERING LIMITED;United Kingdom;;04168334;;
6174908;A.B.N. Confeccoes Ltda Me;Brazil;Rua Belo Horizonte, Nº 197, 89124000, Benedito Novo;;;BR2019086T4HZB7
8422959;A.B. NUTRITION LIMITED;United Kingdom;Unit 8 Minster Court Tuscam Way Camberley Surrey GU15 3YY;01897599;;
3095615;A&B Outerwear Ltd;Bangladesh;;;;
7061095;A. B. Sales Corp (A Unit Of Satyam Creations Pvt. Ltd. );India;Calcutta Leather Complex, Phase-1, Zone-9, Plot No. 1642, Bhojerhat, South 24 Parangas, West Bengal, In, Kolkata (Ex Calcutta);;;IN202028127TY4B
6287978;AS BALTIKA;Estonia;;;;
6217010;As Baski;Turkey;;;;
3245206;As Baski Nakis Orme Tekstil San. Ve Tic. Ltd.;Turkey;Aosb Mah. 10000 Sk.Inelli Plastik 10 Merkez Koyu/Merkez Bucagi/Cigli, Izmir;;;TR2021085YVB1XT
3304521;ABnote USA Inc;Massachusetts (United States);225 Rivermoor St, Boston, MA;041094396;;
4272949;A. Boyertown;;;;;
4273286;A. BOYERTOWN, PENNSYLVANIA, USA (SEPTEMBER 8TH, 2010);;;;;
2796338;A.C.A. Riegelsberger;;;;;
12221514;A.C ADESIVOS DELTA LTDA;Brazil;RUA YOLANDA COSTA DE OLIVEIRA, 391, EMPRESARIAL DONA ZELI, NOVA SERRANA, 35.523-505;;;
12370971;A& C Company Limited;China;Shanlongpai, Nanxing Village,Hecheng Town,Heshan City, Guangdong Province, China, GuangDong;;;CN20211611GG278
3299308;A.C.D. Thailand Co Ltd;Thailand;27-38 Moo 2, Nongplalai, Banglamung, 20150, Thailand;0205542006858;;
8795090;A C FREEMAN INVESTMENTS LIMITED;United Kingdom;;09794277;;
9751038;A.C. GOATHAM AND SON LIMITED;United Kingdom;;09732369;;
8177550;A.C.N. 003 100 052 PTY LTD;Australia;;003100052;;
8185829;A.C.N. 073 705 263 PTY LTD;Australia;;073705263;;
8177041;A.C.N. 080 903 957 PTY LTD;Australia;;080903957;;
8185841;A.C.N. 081 035 752 PTY LTD;Australia;;081035752;;
8178074;A.C.N. 085 239 998 PTY LTD;Australia;;085239998;;
8182589;A.C.N. 098 904 262 PTY LTD;Australia;;098904262;;
8184476;A.C.N. 125 810 059 PTY LTD;Australia;;125810059;;
8175727;A.C.N. 159 813 733 PTY LTD;Australia;;159813733;;
8174579;A.C.N. 630 698 716 PTY LTD;Australia;;;;
8183454;A.C.N. 633 925 050 PTY LTD;Australia;;633925050;;
10870935;A.C. NIELSEN COMPANY LIMITED;United Kingdom;;03263498;;
8423852;A.C.P. (CONCRETE) LIMITED;United Kingdom;Workington Road Flimby Maryport Cumbria CA15 8RY;02212402;;
8063323;A.C. Perchs Thehandel Aps;Denmark;;;;
10868538;A.C.S. & T. GRIMSBY LTD.;United Kingdom;;00515144;;
2931905;A CAP LTD;China;No. 28, ChengYe Road, Sheshan Industrial Park, SongJiang District, Shanghai;;;CN2019097WGH8DZ
3636394;A CAP (Suzhou) LTD;;XIAOGUO AVE, Lingbi industrial, developing zone 200000, Suzhou;;;
8420011;A.CLARKE & CO.(SMETHWICK)LIMITED;United Kingdom;PO BOX 9837 Station Road Oldbury West Midlands B69 4WD;00580331;;
3316541;A Classy Case LLC;United States;25 Santa Isabel, Rancho Santa Margarita, CA;;;
5411808;A-Code;;;;;
6236956;asCom Confection GmbH;;Industriestrae 54;;;
12219429;A. Conceicao Lionel & Cia Ltda Me;Brazil;Alagoas, Serra Azul Ii, Buriti De Goias;;;BR20212948RQ3JM
8183302;A COUTSOUVELIS & M.B DUNPHY & A MACVEAN & H NEW & E.M PATON & R SLOCOMBE & K.J STALLARD & E WOOLLEY;Australia;;;;
4273739;ACuPowder International, LLC;;;;;
12218135;A D A DE OLIVEIRA CONFECCOES LTDA;Brazil;542, RUA CELIO RODRIGUES VIANA, PRIMEIRO DISTRITO, santo antonio da patrulha, Rio Grande do Sul, 61603-110;;;BR2021260F7350Z
3305112;A&D Bindery;California (United States);106 W Burbank Blvd, Burbank, CA;;;
8430462;A D BLY CONSTRUCTION LIMITED;United Kingdom;Unit 4d Nup End Business Centre Old Knebworth Hertfordshire SG3 6QJ;04642985;;
12218518;A & D CONFECCOES LTDA;Brazil;326, R GERMANO FAHRENHEIT, PROGRESSO, ibirama, Santa Catarina, 89057-500;;;BR20212608R22W1
12218699;A. D. CRIACOES DE LINGERIE LTDA;Brazil;542, R CELIO RODRIGUES VIANA, RIBEIRAO BONITO, tejupa, Sao Paulo, 61603-110;;;
8781013;A-DAY CONSULTANTS LIMITED;United Kingdom;;04493101;;
2615943;AS Diena;;;;;
6236484;A. Dohrn & A. Timm GmbH & Co. KG;;Birkholzer Strae 101;;;
4275290;A.E.B. International, Inc.;;;;;
12246856;A&E Dongmei Thread Mfg. Co., Ltd.;China;Nange Industrial Village, Daojiao Town, Dongguan, Guangdong;;;
9764603;A E J MANAGEMENT LIMITED;United Kingdom;;05192941;;
5411552;A E P;;;;;
8252864;A.E.S. ENGINEERING LIMITED;United Kingdom;Global Technology Centre Bradmarsh Business Park Mill Close Rotherham South Yorkshire S60 1BZ;00392743;;
8794011;A E STUART NO2 LIMITED;United Kingdom;;08919707;;
8759093;A E YATES LIMITED;United Kingdom;;00415632;;
5021428;AS ENTERPRISE;Bangladesh;148,ARAMBAG MOTIJHEEL DHAKA, BANGLADESH;;;
12229951;A Er Tai Shoes;China;No.8, Gui Shan Yang Development New District, Huidong County, Huizhou City, Guangdong Province;;;
8441600;A.& F.A. DUNDEE LIMITED;United Kingdom;44 Montgomery Road Belfast BT6 9HL;NI003932;;
9767753;A F A RESTAURANTS LIMITED;United Kingdom;;08345484;;
9732381;A.F.BLAKEMORE AND SON LIMITED;United Kingdom;;00391135;;
7914111;A&F Di Cerchiaro Francesca;Italy;Via II Giugno, 15, Azzate, 21022, VA, Italy;;;IT2021314KJNXFG
8041449;A. F. Jones Exporters Ceylon (Private) Limited;Sri Lanka;330, T. B. Jayah Mawatha, Colombo 10, 01000, Colombo 10, Sri Lanka;;;
5193253;A. F. VILAS BOAS - MALHAS E BORDADOS;Portugal;Lugar- Souto, Pav, 6, 4750-841, Barcelos, Cavado, portugal;;;PT2019083BDEYYX
12260251;A Fashion (Shenzhen) Co Ltd;China;1-3/F, C4 Building, Hengfeng Ind. Zone, Hezhou, Baoan District, Shenzhen, Guangdong, CHINA;;;CN2019339W1C4NE
6149672;AS fashion Tekstil Giyim San. Tic. Ltd. Sti.;;;;;
4999132;A. Ferreira & Filhos, Sa;Portugal;Rua Amaro de Sousa, nr 408, 4815-901 Vizela;;;PT2019181M6S23J
5193273;A. FERREIRA -SOCIEDADE TEXTEIS, LDA;Portugal;Gandra - Goios, 4755-246, Goios, Barcelos, Cavado, portugal;;;PT20190837VSAEE
3226007;A First Vina Co., Ltd;Vietnam;Road No.2,Tam Phuoc Industrial Zone, Bien Hoa City, Dong Nai Province;;;VN2020070RKZ193
9766097;A.G.A.I. & CO LIMITED;United Kingdom;;07160851;;
12218909;A G ATELIER DE CALCADOS EIRELI;Brazil;565, AV 28 DE MAIO, CENTRO, jose boiteux, Santa Catarina, 95915-000;;;BR2021260BNA5P6
6918504;A&G Banca Privada;Spain;;;;
3081148;A.G. BARR plc;United Kingdom;Westfield House 4 Mollins Road Cumbernauld G68 9HD;SC005653;;
8184286;A.G. COOMBS GROUP PTY. LTD.;Australia;;005711722;;
3095614;A.G. Dresses Ltd.;Bangladesh;A.G. Tower, Plot #09, Block-C, Tongi Industrial Area, Himardighi, Tongi, Gazipur;;;BD2020021MFBNTA
2615866;A&G Management Consulting;;;;;
9734065;A.G. PARFETT & SONS LIMITED;United Kingdom;;01472970;;
6249699;A.G. Shoes, S.L.;;;;;
8426420;A-GAS ELECTRONIC MATERIALS LIMITED;United Kingdom;Banyard Road Portbury Bristol BS20 7XH;02991666;;
8425787;A-GAS LIMITED;United Kingdom;Banyard Road Portbury Bristol BS20 7XH;02795349;;
8435243;A-GAS (ORB) LIMITED;United Kingdom;RICHARD STEWART Agas Banyard Road Portbury Bristol;07488989;;
8425651;A-GAS (UK) LIMITED;United Kingdom;Banyard Road Portbury Bristol BS20 7XH;02752249;;
3081147;A Gomez Ltd;United Kingdom;Coldharbour Lane Bridge Canterbury Kent CT4 5HL;02446884;;
6158443;A.H Balim Enterprises;India;L-1515/9 Shani Bazar Road, Sangham Vihar, New Delhi, National Capital Region, 110062;;;IN2019098BBJZGB
3027010;A. H. Belo Corp;Texas (United States);1954 COMMERCE STREET, DALLAS, 75201;0004633300;1413898;
8427772;A&H CONSTRUCTION & DEVELOPMENTS (HOLDINGS) LIMITED;United Kingdom;A&H Construction & Development Coombs Road Halesowen West Midlands B62 8AE;03499989;;
3308109;A&H Manufacturing Co;;One Carding Ln, Johnston, Rhode Island, 2919, USA;;;
3260909;A&H Qingdao Ltd;China;Jinsheng 2nd road Jihongtan Sub-district QINGDAO;;;CN2021314YDXY26
8767236;A. H. WORTH (FOSDYKE) LIMITED;United Kingdom;;02320731;;
10883154;A H WORTH LIMITED;United Kingdom;;02267537;;
8421923;A.I.D. FUEL OILS LIMITED;United Kingdom;Cocksparrow Lane Huntington Cannock WS12 4PB;01445830;;
7314689;A.I. Enterprises;Tamil Nadu;F-41 A, Anna Nagar East   Chennai  600098;;;IN2020311HFDCTK
4999162;A.I Enterprises (Jersey);Tamil Nadu;S.F. No 1/159, Iyer Thottam, Goundampalayam Nall Road, Morattupalayam (Po), Uthukuli Rs, Tamil Nadu, India;;;IN20191815Q9JW0
3225183;AS - Industria De CalIASSado, Lda;;;;;
3078405;AS-IP Tech Inc;New York (United States);954 LEXINGTON AVE., NEW YORK, 10021;;1067873;
8792326;A J ACCESS HOLDINGS LIMITED;United Kingdom;;07605052;;
8792342;A J ACCESS PLATFORMS LIMITED;United Kingdom;;07615720;;
8759417;A.J. AND R.G.BARBER LIMITED;United Kingdom;;00551460;;
8212177;A.J. BAKER & SONS PTY LTD;Australia;;008734834;;
12221516;A.J BENEFICIAMENTO TEXTIL LTDA;Brazil;RUA DOMINGOS SAMSON,304, VILA LALAU, JARAGUA DO SUL, 89.256-180;;;
6252564;A.J. Goncalves S.A.;Portugal;Celeiros, Apartado 2485, Braga 4701-906;;;PT2021196X4MJGG
9736271;A J MOBILITY LIMITED;United Kingdom;;02808028;;
7321366;A.J. Morrisroe & Sons Limited;;;;;
9732941;A.J.N. STEELSTOCK LTD.;United Kingdom;;00689647;;
8759829;A.J. & R.G.BARBER (SALES) LIMITED;United Kingdom;;00750464;;
8768153;A J RENTALS LIMITED;United Kingdom;;02565326;;
10873184;A J W AVIATION LTD;United Kingdom;;06865953;;
8420219;A J WALTER AVIATION LIMITED;United Kingdom;LEGAL DEPARTMENT The Headquarters Maydwell Avenue Slinfold Horsham West Sussex RH13 0AS;00699050;;
3625960;A & K DESIGNS, INC.;United States;8325 SE HARNEY ST., PORTLAND, OREGON, 97266, USA;;;US2019085Z3A8D2
12264762;A.K.M  Garments Co., Ltd.;Cambodia;St. Vengsreng, Phum Domnakthom, Sangkat Steung Meanchey, 12352, Khan Meanchey Phnom Penh;;;
6210407;A.K.M. KNIT WEAR LTD.;Bangladesh;;;;
7147451;A. K. PLASTIC;India;HATHRAS, FOUNDRY NAGAR  AGRA 282006 , AGRA;;;IN2020351BACRB8
51483;AKayStyle;;;;;
9747685;A KHAN RESTAURANTS LIMITED;United Kingdom;;08132730;;
3245213;As Konfeksiyon San. Ve Tic. Ltd. Sti.;Turkey;10006/1 Sok. No:6 Aosb Cigli/Izmir, Izmir, Izmir, Turkey;;;TR2019083ZT05E9
7059915;A.KUDRESOVO FIRMA;Lithuania;Kaunas;;;
4273936;A-kyo Enterprise Co. Ltd.;;;;;
3308310;A&L Apparel;;9632 Rerner St, South El Monte, California, 91733, USA;;;
12215956;A&L (asia) International Ltd - YONGKANG JINDAKANG INDUSTRY & TRADE CO., LTD.;China;Unit 608-609 - International Trade Centre;;;
3512712;A.L.B Calzaturificio;;;;;
8253000;A.L.G. PROPERTIES LIMITED;United Kingdom;Mountview House 151 High Street Southgate London N14 6EW;00508842;;
6248640;A.L. Garments;Pakistan;PLOT No. 9,2 ST-13 / 1. SECTOR 6-B, New Karachi Town, 75850, Karachi, Sindh, Pakistan;;;PK2020217D2AKVG